{"cameraMode":{"drawMode":0,"name":"Shaded","section":"Shading Mode"},"sceneLighting":false,"audioPlay":false,"sceneViewState":{"m_AlwaysRefresh":false,"showFog":true,"showSkybox":false,"showFlares":true,"showImageEffects":true,"showParticleSystems":true,"showVisualEffectGraphs":true,"m_FxEnabled":true},"in2DMode":false,"pivot":{"x":-0.1076815128326416,"y":0.6616951823234558,"z":-0.00839921087026596},"rotation":{"x":-0.28651124238967898,"y":0.6956448554992676,"z":-0.36216604709625246,"w":-0.5503543615341187},"size":1.0084885358810425,"orthographic":false}