{"cameraMode":{"drawMode":0,"name":"Shaded","section":"Shading Mode"},"sceneLighting":false,"audioPlay":false,"sceneViewState":{"m_AlwaysRefresh":false,"showFog":true,"showSkybox":false,"showFlares":true,"showImageEffects":true,"showParticleSystems":true,"showVisualEffectGraphs":true,"m_FxEnabled":true},"in2DMode":false,"pivot":{"x":0.5460442900657654,"y":0.7358146905899048,"z":-0.16845548152923585},"rotation":{"x":0.0005116951651871204,"y":-0.9848123788833618,"z":-0.002957319375127554,"w":-0.17371223866939546},"size":0.8660253882408142,"orthographic":false}